Day ,Items ,Note ,Amount 
90,Salary Expense,Cash Payment - Salary Expense,24768
90,Shipping Expense,Cash Payment - Shipping Expense - WEB SO : 15445,272
90,Shipping Expense,Cash Payment - Shipping Expense - WEB SO : 15820,92
90,Rental Expense,Cash Payment - Rental - Detroit,1200
90,Rental Expense,Cash Payment - Rental - Los Angeles,1080
90,Rental Expense,Cash Payment - Rental - New York,2680
90,Rental Expense,Cash Payment - Rental - Miami,1120
90,Rental Expense,"Cash Payment - Rental - Washington, D.C.",2440
90,Rental Expense,Cash Payment - Rental - San Francisco,2240
89,Human Resource Expense,Attended Training,15000
89,Salary Expense,Cash Payment - Salary Expense,24768
89,Shipping Expense,Cash Payment - Shipping Expense - WEB SO : 15626,191
89,Shipping Expense,Cash Payment - Move Stock ID: 12816,21218
89,Rental Expense,Cash Payment - Rental - Detroit,1200
89,Rental Expense,Cash Payment - Rental - Los Angeles,1080
89,Rental Expense,Cash Payment - Rental - New York,2680
89,Rental Expense,Cash Payment - Rental - Miami,1120
89,Rental Expense,"Cash Payment - Rental - Washington, D.C.",2440
89,Rental Expense,Cash Payment - Rental - San Francisco,2240
88,Salary Expense,Cash Payment - Salary Expense,24768
88,Rental Expense,Cash Payment - Rental - Detroit,1200
88,Rental Expense,Cash Payment - Rental - Los Angeles,1080
88,Rental Expense,Cash Payment - Rental - New York,2680
88,Rental Expense,Cash Payment - Rental - Miami,1120
88,Rental Expense,"Cash Payment - Rental - Washington, D.C.",2440
88,Rental Expense,Cash Payment - Rental - San Francisco,2240
87,Human Resource Expense,Counselled,2000
87,Marketing Expense,Cash Payment - Marketing Report Subscription,20000
87,Salary Expense,Cash Payment - Salary Expense,24768
87,Shipping Expense,Cash Payment - Shipping Expense - WEB SO : 15078,14
87,Shipping Expense,Cash Payment - Shipping Expense - WEB SO : 15091,12
87,Rental Expense,Cash Payment - Rental - Detroit,1200
87,Rental Expense,Cash Payment - Rental - Los Angeles,1080
87,Rental Expense,Cash Payment - Rental - New York,2680
87,Rental Expense,Cash Payment - Rental - Miami,1120
87,Rental Expense,"Cash Payment - Rental - Washington, D.C.",2440
87,Rental Expense,Cash Payment - Rental - San Francisco,2240
86,Marketing Expense,Cash Payment - Marketing Report Subscription,20000
86,Salary Expense,Cash Payment - Salary Expense,24768
86,Shipping Expense,Cash Payment - Shipping Expense - WEB SO : 14884,28
86,Shipping Expense,Cash Payment - Move Stock ID: 14492,14324
86,Rental Expense,Cash Payment - Rental - Detroit,1200
86,Rental Expense,Cash Payment - Rental - Los Angeles,1080
86,Rental Expense,Cash Payment - Rental - New York,2680
86,Rental Expense,Cash Payment - Rental - Miami,1120
86,Rental Expense,"Cash Payment - Rental - Washington, D.C.",2440
86,Rental Expense,Cash Payment - Rental - San Francisco,2240
85,Marketing Expense,Cash Payment - Marketing Report Subscription,20000
85,Salary Expense,Cash Payment - Salary Expense,24768
85,Rental Expense,Cash Payment - Rental - Detroit,1200
85,Rental Expense,Cash Payment - Rental - Los Angeles,1080
85,Rental Expense,Cash Payment - Rental - New York,2680
85,Rental Expense,Cash Payment - Rental - Miami,1120
85,Rental Expense,"Cash Payment - Rental - Washington, D.C.",2440
85,Rental Expense,Cash Payment - Rental - San Francisco,2240
84,Human Resource Expense,Attended Training,15000
84,Human Resource Expense,Attended Training,15000
84,Human Resource Expense,Attended Training,15000
84,Salary Expense,Cash Payment - Salary Expense,24768
84,Shipping Expense,Cash Payment - Shipping Expense - WEB SO : 14698,141
84,Rental Expense,Cash Payment - Rental - Detroit,1200
84,Rental Expense,Cash Payment - Rental - Los Angeles,1080
84,Rental Expense,Cash Payment - Rental - New York,2680
84,Rental Expense,Cash Payment - Rental - Miami,1120
84,Rental Expense,"Cash Payment - Rental - Washington, D.C.",2440
84,Rental Expense,Cash Payment - Rental - San Francisco,2240
83,Salary Expense,Cash Payment - Salary Expense,25284
83,Interest Expense ,Cash Payment - Interest - For Overdraft,2039
83,Overflow Expense - Warehouse,Cash Payment - Overflow Fee - Detroit,465
83,Rental Expense,Cash Payment - Rental - Detroit,1200
83,Rental Expense,Cash Payment - Rental - Los Angeles,1080
83,Rental Expense,Cash Payment - Rental - New York,2680
83,Rental Expense,Cash Payment - Rental - Miami,1120
83,Rental Expense,"Cash Payment - Rental - Washington, D.C.",2440
83,Rental Expense,Cash Payment - Rental - San Francisco,2240
82,Salary Expense,Cash Payment - Salary Expense,25009
82,Interest Expense ,Cash Payment - Interest - For Overdraft,2039
82,Overflow Expense - Warehouse,Cash Payment - Overflow Fee - Detroit,462
82,Rental Expense,Cash Payment - Rental - Detroit,1200
82,Rental Expense,Cash Payment - Rental - Los Angeles,1080
82,Rental Expense,Cash Payment - Rental - New York,2680
82,Rental Expense,Cash Payment - Rental - Miami,1120
82,Rental Expense,"Cash Payment - Rental - Washington, D.C.",2440
82,Rental Expense,Cash Payment - Rental - San Francisco,2240
81,Salary Expense,Cash Payment - Salary Expense,24759
81,Shipping Expense,Cash Payment - Move Stock ID: 11302,15701
81,Interest Expense ,Cash Payment - Interest - For Overdraft,2039
81,Overflow Expense - Warehouse,Cash Payment - Overflow Fee - Detroit,453
81,Rental Expense,Cash Payment - Rental - Detroit,1200
81,Overflow Expense - Retail,Cash Payment - Overflow Fee  - Los Angeles,150
81,Rental Expense,Cash Payment - Rental - Los Angeles,1080
81,Rental Expense,Cash Payment - Rental - New York,2680
81,Rental Expense,Cash Payment - Rental - Miami,1120
81,Rental Expense,"Cash Payment - Rental - Washington, D.C.",2440
81,Rental Expense,Cash Payment - Rental - San Francisco,2240
80,Salary Expense,Cash Payment - Salary Expense,24059
80,Interest Expense ,Cash Payment - Interest - For Overdraft,2039
80,Overflow Expense - Warehouse,Cash Payment - Overflow Fee - Detroit,495
80,Rental Expense,Cash Payment - Rental - Detroit,1200
80,Rental Expense,Cash Payment - Rental - Los Angeles,1080
80,Rental Expense,Cash Payment - Rental - New York,2680
80,Rental Expense,Cash Payment - Rental - Miami,1120
80,Rental Expense,"Cash Payment - Rental - Washington, D.C.",2440
80,Rental Expense,Cash Payment - Rental - San Francisco,2240
79,Human Resource Expense,Attended Training,15000
79,Salary Expense,Cash Payment - Salary Expense,24059
79,Shipping Expense,Cash Payment - Move Stock ID: 13190,11993
79,Interest Expense ,Cash Payment - Interest - For Overdraft,2039
79,Overflow Expense - Warehouse,Cash Payment - Overflow Fee - Detroit,432
79,Rental Expense,Cash Payment - Rental - Detroit,1200
79,Overflow Expense - Retail,Cash Payment - Overflow Fee  - Los Angeles,240
79,Rental Expense,Cash Payment - Rental - Los Angeles,1080
79,Rental Expense,Cash Payment - Rental - New York,2680
79,Rental Expense,Cash Payment - Rental - Miami,1120
79,Rental Expense,"Cash Payment - Rental - Washington, D.C.",2440
79,Rental Expense,Cash Payment - Rental - San Francisco,2240
78,Salary Expense,Cash Payment - Salary Expense,24059
78,Shipping Expense,Cash Payment - Shipping Expense - WEB SO : 13578,92
78,Interest Expense ,Cash Payment - Interest - For Overdraft,2023
78,Overflow Expense - Warehouse,Cash Payment - Overflow Fee - Detroit,513
78,Rental Expense,Cash Payment - Rental - Detroit,1200
78,Rental Expense,Cash Payment - Rental - Los Angeles,1080
78,Rental Expense,Cash Payment - Rental - New York,2680
78,Rental Expense,Cash Payment - Rental - Miami,1120
78,Rental Expense,"Cash Payment - Rental - Washington, D.C.",2440
78,Rental Expense,Cash Payment - Rental - San Francisco,2240
77,Salary Expense,Cash Payment - Salary Expense,24059
77,Shipping Expense,Cash Payment - Shipping Expense - WEB SO : 13381,22
77,Shipping Expense,Cash Payment - Move Stock ID: 12809,12925
77,Interest Expense ,Cash Payment - Interest - For Overdraft,3050
77,Overflow Expense - Warehouse,Cash Payment - Overflow Fee - Detroit,501
77,Rental Expense,Cash Payment - Rental - Detroit,1200
77,Rental Expense,Cash Payment - Rental - Los Angeles,1080
77,Rental Expense,Cash Payment - Rental - New York,2680
77,Rental Expense,Cash Payment - Rental - Miami,1120
77,Rental Expense,"Cash Payment - Rental - Washington, D.C.",2440
77,Rental Expense,Cash Payment - Rental - San Francisco,2240
76,Human Resource Expense,Attended Training,15000
76,Human Resource Expense,Attended Training,15000
76,Salary Expense,Cash Payment - Salary Expense,24059
76,Shipping Expense,Cash Payment - Shipping Expense - WEB SO : 13217,13
76,Interest Expense ,Cash Payment - Interest - For Overdraft,1991
76,Overflow Expense - Warehouse,Cash Payment - Overflow Fee - Detroit,366
76,Rental Expense,Cash Payment - Rental - Detroit,1200
76,Rental Expense,Cash Payment - Rental - Los Angeles,1080
76,Rental Expense,Cash Payment - Rental - New York,2680
76,Rental Expense,Cash Payment - Rental - Miami,1120
76,Rental Expense,"Cash Payment - Rental - Washington, D.C.",2440
76,Rental Expense,Cash Payment - Rental - San Francisco,2240
75,Marketing Expense,Cash Payment - Marketing Report Subscription,20000
75,Salary Expense,Cash Payment - Salary Expense,24059
75,Shipping Expense,Cash Payment - Shipping Expense - WEB SO : 12823,11
75,Shipping Expense,Cash Payment - Shipping Expense - WEB SO : 12990,10
75,Interest Expense ,Cash Payment - Interest - For Overdraft,1991
75,Overflow Expense - Warehouse,Cash Payment - Overflow Fee - Detroit,363
75,Rental Expense,Cash Payment - Rental - Detroit,1200
75,Rental Expense,Cash Payment - Rental - Los Angeles,1080
75,Rental Expense,Cash Payment - Rental - New York,2680
75,Rental Expense,Cash Payment - Rental - Miami,1120
75,Rental Expense,"Cash Payment - Rental - Washington, D.C.",2440
75,Rental Expense,Cash Payment - Rental - San Francisco,2240
74,Marketing Expense,Cash Payment - Marketing Report Subscription,20000
74,Salary Expense,Cash Payment - Salary Expense,24059
74,Shipping Expense,Cash Payment - Shipping Expense - WEB SO : 12802,253
74,Shipping Expense,Cash Payment - Move Stock ID: 11140,24736
74,Interest Expense ,Cash Payment - Interest - For Overdraft,1991
74,Overflow Expense - Warehouse,Cash Payment - Overflow Fee - Detroit,372
74,Rental Expense,Cash Payment - Rental - Detroit,1200
74,Rental Expense,Cash Payment - Rental - Los Angeles,1080
74,Rental Expense,Cash Payment - Rental - New York,2680
74,Rental Expense,Cash Payment - Rental - Miami,1120
74,Rental Expense,"Cash Payment - Rental - Washington, D.C.",2440
74,Rental Expense,Cash Payment - Rental - San Francisco,2240
73,Marketing Expense,Cash Payment - Marketing Report Subscription,20000
73,Salary Expense,Cash Payment - Salary Expense,24059
73,Shipping Expense,Cash Payment - Move Stock ID: 9883,29208
73,Interest Expense ,Cash Payment - Interest - For Overdraft,1926
73,Overflow Expense - Warehouse,Cash Payment - Overflow Fee - Detroit,402
73,Rental Expense,Cash Payment - Rental - Detroit,1200
73,Rental Expense,Cash Payment - Rental - Los Angeles,1080
73,Rental Expense,Cash Payment - Rental - New York,2680
73,Rental Expense,Cash Payment - Rental - Miami,1120
73,Rental Expense,"Cash Payment - Rental - Washington, D.C.",2440
73,Rental Expense,Cash Payment - Rental - San Francisco,2240
72,Marketing Expense,Cash Payment - Marketing Report Subscription,20000
72,Salary Expense,Cash Payment - Salary Expense,23806
72,Shipping Expense,Cash Payment - Shipping Expense - WEB SO : 12440,204
72,Interest Expense ,Cash Payment - Interest - For Overdraft,1798
72,Overflow Expense - Warehouse,Cash Payment - Overflow Fee - Detroit,468
72,Rental Expense,Cash Payment - Rental - Detroit,1200
72,Rental Expense,Cash Payment - Rental - Los Angeles,1080
72,Rental Expense,Cash Payment - Rental - New York,2680
72,Rental Expense,Cash Payment - Rental - Miami,1120
72,Rental Expense,"Cash Payment - Rental - Washington, D.C.",2440
72,Rental Expense,Cash Payment - Rental - San Francisco,2240
71,Human Resource Expense,Attended Training,15000
71,Human Resource Expense,Counselled,2000
71,Human Resource Expense,Attended Training,15000
71,Marketing Expense,Cash Payment - Marketing Report Subscription,20000
71,Salary Expense,Cash Payment - Salary Expense,23576
71,Shipping Expense,Cash Payment - Shipping Expense - WEB SO : 12229,222
71,Interest Expense ,Cash Payment - Interest - For Overdraft,1798
71,Overflow Expense - Warehouse,Cash Payment - Overflow Fee - Detroit,432
71,Rental Expense,Cash Payment - Rental - Detroit,1200
71,Rental Expense,Cash Payment - Rental - Los Angeles,1080
71,Rental Expense,Cash Payment - Rental - New York,2680
71,Rental Expense,Cash Payment - Rental - Miami,1120
71,Rental Expense,"Cash Payment - Rental - Washington, D.C.",2440
71,Rental Expense,Cash Payment - Rental - San Francisco,2240
70,Salary Expense,Cash Payment - Salary Expense,22932
70,Interest Expense ,Cash Payment - Interest - For Overdraft,1798
70,Overflow Expense - Warehouse,Cash Payment - Overflow Fee - Detroit,405
70,Rental Expense,Cash Payment - Rental - Detroit,1200
70,Rental Expense,Cash Payment - Rental - Los Angeles,1080
70,Rental Expense,Cash Payment - Rental - New York,2680
70,Rental Expense,Cash Payment - Rental - Miami,1120
70,Rental Expense,"Cash Payment - Rental - Washington, D.C.",2440
70,Rental Expense,Cash Payment - Rental - San Francisco,2240
69,Salary Expense,Cash Payment - Salary Expense,22932
69,Shipping Expense,Cash Payment - Shipping Expense - WEB SO : 11856,10
69,Interest Expense ,Cash Payment - Interest - For Overdraft,1798
69,Overflow Expense - Warehouse,Cash Payment - Overflow Fee - Detroit,378
69,Rental Expense,Cash Payment - Rental - Detroit,1200
69,Rental Expense,Cash Payment - Rental - Los Angeles,1080
69,Rental Expense,Cash Payment - Rental - New York,2680
69,Rental Expense,Cash Payment - Rental - Miami,1120
69,Rental Expense,"Cash Payment - Rental - Washington, D.C.",2440
69,Rental Expense,Cash Payment - Rental - San Francisco,2240
68,Salary Expense,Cash Payment - Salary Expense,22932
68,Interest Expense ,Cash Payment - Interest - For Overdraft,1541
68,Overflow Expense - Warehouse,Cash Payment - Overflow Fee - Detroit,33
68,Rental Expense,Cash Payment - Rental - Detroit,1200
68,Rental Expense,Cash Payment - Rental - Los Angeles,1080
68,Rental Expense,Cash Payment - Rental - New York,2680
68,Rental Expense,Cash Payment - Rental - Miami,1120
68,Rental Expense,"Cash Payment - Rental - Washington, D.C.",2440
68,Rental Expense,Cash Payment - Rental - San Francisco,2240
67,Salary Expense,Cash Payment - Salary Expense,22932
67,Shipping Expense,Cash Payment - Shipping Expense - WEB SO : 10773,26
67,Interest Expense ,Cash Payment - Interest - For Overdraft,1541
67,Rental Expense,Cash Payment - Rental - Detroit,1200
67,Rental Expense,Cash Payment - Rental - Los Angeles,1080
67,Rental Expense,Cash Payment - Rental - New York,2680
67,Rental Expense,Cash Payment - Rental - Miami,1120
67,Rental Expense,"Cash Payment - Rental - Washington, D.C.",2440
67,Rental Expense,Cash Payment - Rental - San Francisco,2240
66,Salary Expense,Cash Payment - Salary Expense,22932
66,Interest Expense ,Cash Payment - Interest - For Overdraft,1541
66,Rental Expense,Cash Payment - Rental - Detroit,1200
66,Rental Expense,Cash Payment - Rental - Los Angeles,1080
66,Rental Expense,Cash Payment - Rental - New York,2680
66,Rental Expense,Cash Payment - Rental - Miami,1120
66,Rental Expense,"Cash Payment - Rental - Washington, D.C.",2440
66,Rental Expense,Cash Payment - Rental - San Francisco,2240
65,Salary Expense,Cash Payment - Salary Expense,22932
65,Shipping Expense,Cash Payment - Shipping Expense - WEB SO : 11116,10
65,Interest Expense ,Cash Payment - Interest - For Overdraft,1027
65,Rental Expense,Cash Payment - Rental - Detroit,1200
65,Rental Expense,Cash Payment - Rental - Los Angeles,1080
65,Rental Expense,Cash Payment - Rental - New York,2680
65,Rental Expense,Cash Payment - Rental - Miami,1120
65,Rental Expense,"Cash Payment - Rental - Washington, D.C.",2440
65,Rental Expense,Cash Payment - Rental - San Francisco,2240
64,Human Resource Expense,Attended Training,15000
64,Salary Expense,Cash Payment - Salary Expense,22932
64,Shipping Expense,Cash Payment - Move Stock ID: 8185,37436
64,Interest Expense ,Cash Payment - Interest - For Overdraft,1027
64,Rental Expense,Cash Payment - Rental - Detroit,1200
64,Rental Expense,Cash Payment - Rental - Los Angeles,1080
64,Rental Expense,Cash Payment - Rental - New York,2680
64,Rental Expense,Cash Payment - Rental - Miami,1120
64,Rental Expense,"Cash Payment - Rental - Washington, D.C.",2440
64,Rental Expense,Cash Payment - Rental - San Francisco,2240
63,Human Resource Expense,Staff Dismiss,1000
63,Human Resource Expense,Staff Dismiss,1000
63,Human Resource Expense,Staff Dismiss,1000
63,Salary Expense,Cash Payment - Salary Expense,22932
63,Shipping Expense,Cash Payment - Shipping Expense - WEB SO : 10601,6
63,Shipping Expense,Cash Payment - Shipping Expense - WEB SO : 10761,38
63,Interest Expense ,Cash Payment - Interest - For Overdraft,1027
63,Rental Expense,Cash Payment - Rental - Detroit,1200
63,Rental Expense,Cash Payment - Rental - Los Angeles,1080
63,Rental Expense,Cash Payment - Rental - New York,2680
63,Rental Expense,Cash Payment - Rental - Miami,1120
63,Rental Expense,"Cash Payment - Rental - Washington, D.C.",2440
63,Rental Expense,Cash Payment - Rental - San Francisco,2240
62,Human Resource Expense,Attended Training,15000
62,Human Resource Expense,Attended Training,15000
62,Salary Expense,Cash Payment - Salary Expense,22690
62,Shipping Expense,Cash Payment - Shipping Expense - WEB SO : 10060,35
62,Interest Expense ,Cash Payment - Interest - For Overdraft,1027
62,Depreciation Expense,Non-Cash Expense - Depreciation,5000
62,Rental Expense,Cash Payment - Rental - Detroit,1200
62,Rental Expense,Cash Payment - Rental - Los Angeles,1080
62,Rental Expense,Cash Payment - Rental - New York,2680
62,Rental Expense,Cash Payment - Rental - Miami,1120
62,Rental Expense,"Cash Payment - Rental - Washington, D.C.",2440
62,Rental Expense,Cash Payment - Rental - San Francisco,2240
61,Salary Expense,Cash Payment - Salary Expense,23808
61,Depreciation Expense,Non-Cash Expense - Depreciation,5000
61,Rental Expense,Cash Payment - Rental - Detroit,1200
61,Rental Expense,Cash Payment - Rental - Los Angeles,1080
61,Rental Expense,Cash Payment - Rental - Chicago,1600
61,Rental Expense,Cash Payment - Rental - New York,2680
61,Rental Expense,Cash Payment - Rental - Miami,1120
61,Rental Expense,"Cash Payment - Rental - Washington, D.C.",2440
61,Rental Expense,Cash Payment - Rental - San Francisco,2240
60,Salary Expense,Cash Payment - Salary Expense,23192
60,Shipping Expense,Cash Payment - Shipping Expense - WEB SO : 10248,7
60,Depreciation Expense,Non-Cash Expense - Depreciation,5000
60,Rental Expense,Cash Payment - Rental - Detroit,1200
60,Rental Expense,Cash Payment - Rental - Los Angeles,1080
60,Rental Expense,Cash Payment - Rental - Chicago,1600
60,Rental Expense,Cash Payment - Rental - New York,2680
60,Rental Expense,Cash Payment - Rental - Miami,1120
60,Rental Expense,"Cash Payment - Rental - Washington, D.C.",2440
60,Rental Expense,Cash Payment - Rental - San Francisco,2240
59,Human Resource Expense,Counselled,2000
59,Human Resource Expense,Attended Training,15000
59,Salary Expense,Cash Payment - Salary Expense,23192
59,Interest Expense ,Cash Payment - Interest - For Overdraft,1027
59,Depreciation Expense,Non-Cash Expense - Depreciation,5000
59,Rental Expense,Cash Payment - Rental - Detroit,1200
59,Rental Expense,Cash Payment - Rental - Los Angeles,1080
59,Rental Expense,Cash Payment - Rental - Chicago,1600
59,Rental Expense,Cash Payment - Rental - New York,2680
59,Rental Expense,Cash Payment - Rental - Miami,1120
59,Rental Expense,"Cash Payment - Rental - Washington, D.C.",2440
59,Rental Expense,Cash Payment - Rental - San Francisco,2240
58,Human Resource Expense,Attended Training,15000
58,Salary Expense,Cash Payment - Salary Expense,23192
58,Shipping Expense,Cash Payment - Shipping Expense - WEB SO : 9704,39
58,Interest Expense ,Cash Payment - Interest - For Overdraft,1027
58,Depreciation Expense,Non-Cash Expense - Depreciation,5000
58,Rental Expense,Cash Payment - Rental - Detroit,1200
58,Rental Expense,Cash Payment - Rental - Los Angeles,1080
58,Rental Expense,Cash Payment - Rental - Chicago,1600
58,Rental Expense,Cash Payment - Rental - New York,2680
58,Rental Expense,Cash Payment - Rental - Miami,1120
58,Rental Expense,"Cash Payment - Rental - Washington, D.C.",2440
58,Rental Expense,Cash Payment - Rental - San Francisco,2240
57,Salary Expense,Cash Payment - Salary Expense,23192
57,Depreciation Expense,Non-Cash Expense - Depreciation,5000
57,Rental Expense,Cash Payment - Rental - Detroit,1200
57,Rental Expense,Cash Payment - Rental - Los Angeles,1080
57,Rental Expense,Cash Payment - Rental - Chicago,1600
57,Rental Expense,Cash Payment - Rental - New York,2680
57,Rental Expense,Cash Payment - Rental - Miami,1120
57,Rental Expense,"Cash Payment - Rental - Washington, D.C.",2440
57,Rental Expense,Cash Payment - Rental - San Francisco,2240
56,Human Resource Expense,Counselled,2000
56,Human Resource Expense,Counselled,2000
56,Salary Expense,Cash Payment - Salary Expense,23192
56,Shipping Expense,Cash Payment - Shipping Expense - WEB SO : 8951,56
56,Shipping Expense,Cash Payment - Shipping Expense - WEB SO : 8985,31
56,Shipping Expense,Cash Payment - Shipping Expense - WEB SO : 9514,7
56,Interest Expense ,Cash Payment - Interest - For Overdraft,1397
56,Depreciation Expense,Non-Cash Expense - Depreciation,5000
56,Rental Expense,Cash Payment - Rental - Detroit,1200
56,Rental Expense,Cash Payment - Rental - Los Angeles,1080
56,Rental Expense,Cash Payment - Rental - Chicago,1600
56,Rental Expense,Cash Payment - Rental - New York,2680
56,Rental Expense,Cash Payment - Rental - Miami,1120
56,Rental Expense,"Cash Payment - Rental - Washington, D.C.",2440
56,Rental Expense,Cash Payment - Rental - San Francisco,2240
55,Salary Expense,Cash Payment - Salary Expense,23192
55,Interest Expense ,Cash Payment - Interest - For Overdraft,1397
55,Depreciation Expense,Non-Cash Expense - Depreciation,5000
55,Rental Expense,Cash Payment - Rental - Detroit,1200
55,Rental Expense,Cash Payment - Rental - Los Angeles,1080
55,Rental Expense,Cash Payment - Rental - Chicago,1600
55,Rental Expense,Cash Payment - Rental - New York,2680
55,Rental Expense,Cash Payment - Rental - Miami,1120
55,Rental Expense,"Cash Payment - Rental - Washington, D.C.",2440
55,Rental Expense,Cash Payment - Rental - San Francisco,2240
54,Salary Expense,Cash Payment - Salary Expense,23192
54,Shipping Expense,Cash Payment - Shipping Expense - WEB SO : 9153,3
54,Interest Expense ,Cash Payment - Interest - For Overdraft,1397
54,Depreciation Expense,Non-Cash Expense - Depreciation,5000
54,Rental Expense,Cash Payment - Rental - Detroit,1200
54,Rental Expense,Cash Payment - Rental - Los Angeles,1080
54,Rental Expense,Cash Payment - Rental - Chicago,1600
54,Rental Expense,Cash Payment - Rental - New York,2680
54,Rental Expense,Cash Payment - Rental - Miami,1120
54,Rental Expense,"Cash Payment - Rental - Washington, D.C.",2440
54,Rental Expense,Cash Payment - Rental - San Francisco,2240
53,Salary Expense,Cash Payment - Salary Expense,23192
53,Shipping Expense,Cash Payment - Move Stock ID: 8396,6858
53,Shipping Expense,Cash Payment - Move Stock ID: 8970,23094
53,Interest Expense ,Cash Payment - Interest - For Overdraft,1397
53,Depreciation Expense,Non-Cash Expense - Depreciation,5000
53,Rental Expense,Cash Payment - Rental - Detroit,1200
53,Rental Expense,Cash Payment - Rental - Los Angeles,1080
53,Rental Expense,Cash Payment - Rental - Chicago,1600
53,Rental Expense,Cash Payment - Rental - New York,2680
53,Rental Expense,Cash Payment - Rental - Miami,1120
53,Rental Expense,"Cash Payment - Rental - Washington, D.C.",2440
53,Rental Expense,Cash Payment - Rental - San Francisco,2240
52,Human Resource Expense,Attended Training,15000
52,Salary Expense,Cash Payment - Salary Expense,22961
52,Shipping Expense,Cash Payment - Move Stock ID: 8772,15993
52,Interest Expense ,Cash Payment - Interest - For Overdraft,1397
52,Depreciation Expense,Non-Cash Expense - Depreciation,5000
52,Rental Expense,Cash Payment - Rental - Detroit,1200
52,Rental Expense,Cash Payment - Rental - Los Angeles,1080
52,Rental Expense,Cash Payment - Rental - Chicago,1600
52,Rental Expense,Cash Payment - Rental - New York,2680
52,Rental Expense,Cash Payment - Rental - Miami,1120
52,Rental Expense,"Cash Payment - Rental - Washington, D.C.",2440
52,Rental Expense,Cash Payment - Rental - San Francisco,2240
51,Salary Expense,Cash Payment - Salary Expense,22688
51,Interest Expense ,Cash Payment - Interest - For Overdraft,1397
51,Depreciation Expense,Non-Cash Expense - Depreciation,5000
51,Rental Expense,Cash Payment - Rental - Detroit,1200
51,Rental Expense,Cash Payment - Rental - Los Angeles,1080
51,Rental Expense,Cash Payment - Rental - Chicago,1600
51,Rental Expense,Cash Payment - Rental - New York,2680
51,Rental Expense,Cash Payment - Rental - Miami,1120
51,Rental Expense,"Cash Payment - Rental - Washington, D.C.",2440
51,Rental Expense,Cash Payment - Rental - San Francisco,2240
50,Human Resource Expense,Counselled,2000
50,Human Resource Expense,Counselled,2000
50,Salary Expense,Cash Payment - Salary Expense,22100
50,Shipping Expense,Cash Payment - Shipping Expense - WEB SO : 8207,279
50,Interest Expense ,Cash Payment - Interest - For Overdraft,1397
50,Depreciation Expense,Non-Cash Expense - Depreciation,5000
50,Rental Expense,Cash Payment - Rental - Detroit,1200
50,Rental Expense,Cash Payment - Rental - Los Angeles,1080
50,Rental Expense,Cash Payment - Rental - Chicago,1600
50,Rental Expense,Cash Payment - Rental - New York,2680
50,Rental Expense,Cash Payment - Rental - Miami,1120
50,Rental Expense,"Cash Payment - Rental - Washington, D.C.",2440
50,Rental Expense,Cash Payment - Rental - San Francisco,2240
49,Salary Expense,Cash Payment - Salary Expense,22100
49,Interest Expense ,Cash Payment - Interest - For Overdraft,1397
49,Depreciation Expense,Non-Cash Expense - Depreciation,5000
49,Rental Expense,Cash Payment - Rental - Detroit,1200
49,Rental Expense,Cash Payment - Rental - Los Angeles,1080
49,Rental Expense,Cash Payment - Rental - Chicago,1600
49,Rental Expense,Cash Payment - Rental - New York,2680
49,Rental Expense,Cash Payment - Rental - Miami,1120
49,Rental Expense,"Cash Payment - Rental - Washington, D.C.",2440
49,Rental Expense,Cash Payment - Rental - San Francisco,2240
48,Marketing Expense,Cash Payment - Marketing Report Subscription,20000
48,Salary Expense,Cash Payment - Salary Expense,22100
48,Shipping Expense,Cash Payment - Shipping Expense - WEB SO : 8017,189
48,Shipping Expense,Cash Payment - Move Stock ID: 7501,15023
48,Interest Expense ,Cash Payment - Interest - For Overdraft,2424
48,Depreciation Expense,Non-Cash Expense - Depreciation,5000
48,Rental Expense,Cash Payment - Rental - Detroit,1200
48,Rental Expense,Cash Payment - Rental - Los Angeles,1080
48,Rental Expense,Cash Payment - Rental - Chicago,1600
48,Rental Expense,Cash Payment - Rental - New York,2680
48,Rental Expense,Cash Payment - Rental - Miami,1120
48,Rental Expense,"Cash Payment - Rental - Washington, D.C.",2440
48,Rental Expense,Cash Payment - Rental - San Francisco,2240
47,Marketing Expense,Cash Payment - Marketing Report Subscription,20000
47,Salary Expense,Cash Payment - Salary Expense,22100
47,Shipping Expense,Cash Payment - Move Stock ID: 5348,32631
47,Interest Expense ,Cash Payment - Interest - For Overdraft,2424
47,Depreciation Expense,Non-Cash Expense - Depreciation,5000
47,Rental Expense,Cash Payment - Rental - Detroit,1200
47,Rental Expense,Cash Payment - Rental - Los Angeles,1080
47,Rental Expense,Cash Payment - Rental - Chicago,1600
47,Rental Expense,Cash Payment - Rental - New York,2680
47,Rental Expense,Cash Payment - Rental - Miami,1120
47,Rental Expense,"Cash Payment - Rental - Washington, D.C.",2440
47,Rental Expense,Cash Payment - Rental - San Francisco,2240
46,Human Resource Expense,Counselled,2000
46,Marketing Expense,Cash Payment - Marketing Report Subscription,20000
46,Salary Expense,Cash Payment - Salary Expense,22100
46,Shipping Expense,Cash Payment - Shipping Expense - WEB SO : 7658,12
46,Interest Expense ,Cash Payment - Interest - For Overdraft,2424
46,Depreciation Expense,Non-Cash Expense - Depreciation,5000
46,Rental Expense,Cash Payment - Rental - Detroit,1200
46,Rental Expense,Cash Payment - Rental - Los Angeles,1080
46,Rental Expense,Cash Payment - Rental - Chicago,1600
46,Rental Expense,Cash Payment - Rental - New York,2680
46,Rental Expense,Cash Payment - Rental - Miami,1120
46,Rental Expense,"Cash Payment - Rental - Washington, D.C.",2440
46,Rental Expense,Cash Payment - Rental - San Francisco,2240
45,Human Resource Expense,Attended Training,15000
45,Salary Expense,Cash Payment - Salary Expense,22100
45,Shipping Expense,Cash Payment - Move Stock ID: 5033,14476
45,Interest Expense ,Cash Payment - Interest - For Overdraft,2424
45,Depreciation Expense,Non-Cash Expense - Depreciation,10000
45,Rental Expense,Cash Payment - Rental - Detroit,1200
45,Rental Expense,Cash Payment - Rental - Los Angeles,1080
45,Rental Expense,Cash Payment - Rental - Chicago,1600
45,Rental Expense,Cash Payment - Rental - New York,2680
45,Rental Expense,Cash Payment - Rental - Miami,1120
45,Rental Expense,"Cash Payment - Rental - Washington, D.C.",2440
45,Overflow Expense - Retail,Cash Payment - Overflow Fee  - San Francisco,65
45,Rental Expense,Cash Payment - Rental - San Francisco,2240
44,Human Resource Expense,Attended Training,15000
44,Salary Expense,Cash Payment - Salary Expense,22100
44,Interest Expense ,Cash Payment - Interest - For Overdraft,3451
44,Depreciation Expense,Non-Cash Expense - Depreciation,10000
44,Rental Expense,Cash Payment - Rental - Detroit,1200
44,Rental Expense,Cash Payment - Rental - Los Angeles,1080
44,Rental Expense,Cash Payment - Rental - Chicago,1600
44,Rental Expense,Cash Payment - Rental - New York,2680
44,Rental Expense,Cash Payment - Rental - Miami,1120
44,Rental Expense,"Cash Payment - Rental - Washington, D.C.",2440
44,Overflow Expense - Retail,Cash Payment - Overflow Fee  - San Francisco,65
44,Rental Expense,Cash Payment - Rental - San Francisco,2240
43,Salary Expense,Cash Payment - Salary Expense,22100
43,Shipping Expense,Cash Payment - Shipping Expense - WEB SO : 7129,20
43,Interest Expense ,Cash Payment - Interest - For Overdraft,3451
43,Depreciation Expense,Non-Cash Expense - Depreciation,10000
43,Rental Expense,Cash Payment - Rental - Detroit,1200
43,Rental Expense,Cash Payment - Rental - Los Angeles,1080
43,Rental Expense,Cash Payment - Rental - Chicago,1600
43,Rental Expense,Cash Payment - Rental - New York,2680
43,Rental Expense,Cash Payment - Rental - Miami,1120
43,Rental Expense,"Cash Payment - Rental - Washington, D.C.",2440
43,Overflow Expense - Retail,Cash Payment - Overflow Fee  - San Francisco,65
43,Rental Expense,Cash Payment - Rental - San Francisco,2240
42,Salary Expense,Cash Payment - Salary Expense,21880
42,Shipping Expense,Cash Payment - Shipping Expense - WEB SO : 5936,140
42,Shipping Expense,Cash Payment - Shipping Expense - WEB SO : 6136,10
42,Shipping Expense,Cash Payment - Shipping Expense - WEB SO : 6818,21
42,Interest Expense ,Cash Payment - Interest - For Overdraft,2793
42,Depreciation Expense,Non-Cash Expense - Depreciation,10000
42,Rental Expense,Cash Payment - Rental - Detroit,1200
42,Rental Expense,Cash Payment - Rental - Los Angeles,1080
42,Rental Expense,Cash Payment - Rental - Chicago,1600
42,Rental Expense,Cash Payment - Rental - New York,2680
42,Rental Expense,Cash Payment - Rental - Miami,1120
42,Rental Expense,"Cash Payment - Rental - Washington, D.C.",2440
42,Overflow Expense - Retail,Cash Payment - Overflow Fee  - San Francisco,195
42,Rental Expense,Cash Payment - Rental - San Francisco,2240
41,Salary Expense,Cash Payment - Salary Expense,21620
41,Penalty Expense,Cash Payment - Late penalty - B2B SO ID: 2773,96000
41,Shipping Expense,Cash Payment - Move Stock ID: 6757,10272
41,Interest Expense ,Cash Payment - Interest - For Overdraft,2793
41,Depreciation Expense,Non-Cash Expense - Depreciation,10000
41,Rental Expense,Cash Payment - Rental - Detroit,1200
41,Rental Expense,Cash Payment - Rental - Los Angeles,1080
41,Rental Expense,Cash Payment - Rental - Chicago,1600
41,Rental Expense,Cash Payment - Rental - New York,2680
41,Rental Expense,Cash Payment - Rental - Miami,1120
41,Rental Expense,"Cash Payment - Rental - Washington, D.C.",2440
41,Overflow Expense - Retail,Cash Payment - Overflow Fee  - San Francisco,195
41,Rental Expense,Cash Payment - Rental - San Francisco,2240
40,Human Resource Expense,Attended Training,15000
40,Human Resource Expense,Staff Dismiss,38000
40,Human Resource Expense,Attended Training,15000
40,Salary Expense,Cash Payment - Salary Expense,21060
40,Interest Expense ,Cash Payment - Interest - For Overdraft,1477
40,Depreciation Expense,Non-Cash Expense - Depreciation,10000
40,Rental Expense,Cash Payment - Rental - Detroit,1200
40,Rental Expense,Cash Payment - Rental - Los Angeles,1080
40,Rental Expense,Cash Payment - Rental - Chicago,1600
40,Rental Expense,Cash Payment - Rental - New York,2680
40,Rental Expense,Cash Payment - Rental - Miami,1120
40,Rental Expense,"Cash Payment - Rental - Washington, D.C.",2440
40,Overflow Expense - Retail,Cash Payment - Overflow Fee  - San Francisco,260
40,Rental Expense,Cash Payment - Rental - San Francisco,2240
39,Human Resource Expense,Attended Training,15000
39,Human Resource Expense,Attended Training,15000
39,Salary Expense,Cash Payment - Salary Expense,21465
39,Shipping Expense,Cash Payment - Move Stock ID: 3519,15494
39,Interest Expense ,Cash Payment - Interest - For Overdraft,1477
39,Depreciation Expense,Non-Cash Expense - Depreciation,10000
39,Rental Expense,Cash Payment - Rental - Detroit,1200
39,Rental Expense,Cash Payment - Rental - Los Angeles,1080
39,Rental Expense,Cash Payment - Rental - Chicago,1600
39,Rental Expense,Cash Payment - Rental - New York,2680
39,Rental Expense,Cash Payment - Rental - Miami,1120
39,Rental Expense,"Cash Payment - Rental - Washington, D.C.",2440
39,Overflow Expense - Retail,Cash Payment - Overflow Fee  - San Francisco,325
39,Rental Expense,Cash Payment - Rental - San Francisco,2240
38,Salary Expense,Cash Payment - Salary Expense,21465
38,Shipping Expense,Cash Payment - Move Stock ID: 6135,27972
38,Interest Expense ,Cash Payment - Interest - For Overdraft,1477
38,Depreciation Expense,Non-Cash Expense - Depreciation,10000
38,Rental Expense,Cash Payment - Rental - Detroit,1200
38,Rental Expense,Cash Payment - Rental - Los Angeles,1080
38,Rental Expense,Cash Payment - Rental - Chicago,1600
38,Rental Expense,Cash Payment - Rental - New York,2680
38,Rental Expense,Cash Payment - Rental - Miami,1120
38,Rental Expense,"Cash Payment - Rental - Washington, D.C.",2440
38,Overflow Expense - Retail,Cash Payment - Overflow Fee  - San Francisco,520
38,Rental Expense,Cash Payment - Rental - San Francisco,2240
37,Salary Expense,Cash Payment - Salary Expense,21465
37,Shipping Expense,Cash Payment - Move Stock ID: 3562,8254
37,Interest Expense ,Cash Payment - Interest - For Overdraft,2504
37,Depreciation Expense,Non-Cash Expense - Depreciation,10000
37,Rental Expense,Cash Payment - Rental - Detroit,1200
37,Rental Expense,Cash Payment - Rental - Los Angeles,1080
37,Rental Expense,Cash Payment - Rental - Chicago,1600
37,Rental Expense,Cash Payment - Rental - New York,2680
37,Rental Expense,Cash Payment - Rental - Miami,1120
37,Rental Expense,"Cash Payment - Rental - Washington, D.C.",2440
37,Overflow Expense - Retail,Cash Payment - Overflow Fee  - San Francisco,780
37,Rental Expense,Cash Payment - Rental - San Francisco,2240
36,Human Resource Expense,Attended Training,15000
36,Human Resource Expense,Attended Training,15000
36,Salary Expense,Cash Payment - Salary Expense,21465
36,Shipping Expense,Cash Payment - Move Stock ID: 2363,12925
36,Interest Expense ,Cash Payment - Interest - For Overdraft,3532
36,Depreciation Expense,Non-Cash Expense - Depreciation,10000
36,Rental Expense,Cash Payment - Rental - Detroit,1200
36,Overflow Expense - Retail,Cash Payment - Overflow Fee  - Los Angeles,2430
36,Rental Expense,Cash Payment - Rental - Los Angeles,1080
36,Rental Expense,Cash Payment - Rental - Chicago,1600
36,Rental Expense,Cash Payment - Rental - New York,2680
36,Rental Expense,Cash Payment - Rental - Miami,1120
36,Rental Expense,"Cash Payment - Rental - Washington, D.C.",2440
36,Overflow Expense - Retail,Cash Payment - Overflow Fee  - San Francisco,1430
36,Rental Expense,Cash Payment - Rental - San Francisco,2240
35,Salary Expense,Cash Payment - Salary Expense,21465
35,Shipping Expense,Cash Payment - Shipping Expense - WEB SO : 5065,212
35,Interest Expense ,Cash Payment - Interest - For Overdraft,3532
35,Depreciation Expense,Non-Cash Expense - Depreciation,10000
35,Rental Expense,Cash Payment - Rental - Detroit,1200
35,Overflow Expense - Retail,Cash Payment - Overflow Fee  - Los Angeles,2520
35,Rental Expense,Cash Payment - Rental - Los Angeles,1080
35,Rental Expense,Cash Payment - Rental - Chicago,1600
35,Rental Expense,Cash Payment - Rental - New York,2680
35,Rental Expense,Cash Payment - Rental - Miami,1120
35,Rental Expense,"Cash Payment - Rental - Washington, D.C.",2440
35,Overflow Expense - Retail,Cash Payment - Overflow Fee  - San Francisco,1560
35,Rental Expense,Cash Payment - Rental - San Francisco,2240
34,Salary Expense,Cash Payment - Salary Expense,21465
34,Shipping Expense,Cash Payment - Shipping Expense - WEB SO : 5391,21
34,Interest Expense ,Cash Payment - Interest - For Overdraft,3532
34,Depreciation Expense,Non-Cash Expense - Depreciation,10000
34,Rental Expense,Cash Payment - Rental - Detroit,1200
34,Overflow Expense - Retail,Cash Payment - Overflow Fee  - Los Angeles,2610
34,Rental Expense,Cash Payment - Rental - Los Angeles,1080
34,Rental Expense,Cash Payment - Rental - Chicago,1600
34,Rental Expense,Cash Payment - Rental - New York,2680
34,Rental Expense,Cash Payment - Rental - Miami,1120
34,Rental Expense,"Cash Payment - Rental - Washington, D.C.",2440
34,Overflow Expense - Retail,Cash Payment - Overflow Fee  - San Francisco,1560
34,Rental Expense,Cash Payment - Rental - San Francisco,2240
33,Human Resource Expense,Attended Training,15000
33,Human Resource Expense,Attended Training,15000
33,Salary Expense,Cash Payment - Salary Expense,21465
33,Shipping Expense,Cash Payment - Shipping Expense - WEB SO : 4818,25
33,Interest Expense ,Cash Payment - Interest - For Overdraft,2954
33,Depreciation Expense,Non-Cash Expense - Depreciation,10000
33,Rental Expense,Cash Payment - Rental - Detroit,1200
33,Overflow Expense - Retail,Cash Payment - Overflow Fee  - Los Angeles,2700
33,Rental Expense,Cash Payment - Rental - Los Angeles,1080
33,Rental Expense,Cash Payment - Rental - Chicago,1600
33,Rental Expense,Cash Payment - Rental - New York,2680
33,Rental Expense,Cash Payment - Rental - Miami,1120
33,Rental Expense,"Cash Payment - Rental - Washington, D.C.",2440
33,Overflow Expense - Retail,Cash Payment - Overflow Fee  - San Francisco,1560
33,Rental Expense,Cash Payment - Rental - San Francisco,2240
32,Human Resource Expense,Attended Training,15000
32,Salary Expense,Cash Payment - Salary Expense,21256
32,Shipping Expense,Cash Payment - Move Stock ID: 4814,13540
32,Interest Expense ,Cash Payment - Interest - For Overdraft,3981
32,Depreciation Expense,Non-Cash Expense - Depreciation,10000
32,Rental Expense,Cash Payment - Rental - Detroit,1200
32,Overflow Expense - Retail,Cash Payment - Overflow Fee  - Los Angeles,2820
32,Rental Expense,Cash Payment - Rental - Los Angeles,1080
32,Rental Expense,Cash Payment - Rental - Chicago,1600
32,Rental Expense,Cash Payment - Rental - New York,2680
32,Rental Expense,Cash Payment - Rental - Miami,1120
32,Rental Expense,"Cash Payment - Rental - Washington, D.C.",2440
32,Overflow Expense - Retail,Cash Payment - Overflow Fee  - San Francisco,1690
32,Rental Expense,Cash Payment - Rental - San Francisco,2240
31,Salary Expense,Cash Payment - Salary Expense,21009
31,Interest Expense ,Cash Payment - Interest - For Overdraft,3082
31,Depreciation Expense,Non-Cash Expense - Depreciation,10000
31,Rental Expense,Cash Payment - Rental - Detroit,1200
31,Rental Expense,Cash Payment - Rental - Los Angeles,1080
31,Rental Expense,Cash Payment - Rental - Chicago,1600
31,Rental Expense,Cash Payment - Rental - New York,2680
31,Rental Expense,Cash Payment - Rental - Miami,1120
31,Overflow Expense - Retail,"Cash Payment - Overflow Fee  - Washington, D.C.",4550
31,Rental Expense,"Cash Payment - Rental - Washington, D.C.",2440
31,Overflow Expense - Retail,Cash Payment - Overflow Fee  - San Francisco,1690
31,Rental Expense,Cash Payment - Rental - San Francisco,2240
30,Human Resource Expense,Counselled,2000
30,Human Resource Expense,Counselled,2000
30,Salary Expense,Cash Payment - Salary Expense,20458
30,Interest Expense ,Cash Payment - Interest - For Overdraft,4110
30,Depreciation Expense,Non-Cash Expense - Depreciation,10000
30,Rental Expense,Cash Payment - Rental - Detroit,1200
30,Rental Expense,Cash Payment - Rental - Los Angeles,1080
30,Rental Expense,Cash Payment - Rental - Chicago,1600
30,Rental Expense,Cash Payment - Rental - New York,2680
30,Rental Expense,Cash Payment - Rental - Miami,1120
30,Overflow Expense - Retail,"Cash Payment - Overflow Fee  - Washington, D.C.",4550
30,Rental Expense,"Cash Payment - Rental - Washington, D.C.",2440
30,Overflow Expense - Retail,Cash Payment - Overflow Fee  - San Francisco,1690
30,Rental Expense,Cash Payment - Rental - San Francisco,2240
29,Salary Expense,Cash Payment - Salary Expense,20458
29,Shipping Expense,Cash Payment - Move Stock ID: 1288,56423
29,Interest Expense ,Cash Payment - Interest - For Overdraft,3074
29,Depreciation Expense,Non-Cash Expense - Depreciation,10000
29,Rental Expense,Cash Payment - Rental - Detroit,1200
29,Rental Expense,Cash Payment - Rental - Los Angeles,1080
29,Rental Expense,Cash Payment - Rental - Chicago,1600
29,Rental Expense,Cash Payment - Rental - New York,2680
29,Rental Expense,Cash Payment - Rental - Miami,1120
29,Overflow Expense - Retail,"Cash Payment - Overflow Fee  - Washington, D.C.",4620
29,Rental Expense,"Cash Payment - Rental - Washington, D.C.",2440
29,Overflow Expense - Retail,Cash Payment - Overflow Fee  - San Francisco,1820
29,Rental Expense,Cash Payment - Rental - San Francisco,2240
28,Human Resource Expense,Attended Training,15000
28,Human Resource Expense,Attended Training,15000
28,Salary Expense,Cash Payment - Salary Expense,20458
28,Shipping Expense,Cash Payment - Move Stock ID: 1524,21218
28,Interest Expense ,Cash Payment - Interest - For Overdraft,4102
28,Depreciation Expense,Non-Cash Expense - Depreciation,10000
28,Rental Expense,Cash Payment - Rental - Detroit,1200
28,Rental Expense,Cash Payment - Rental - Los Angeles,1080
28,Rental Expense,Cash Payment - Rental - Chicago,1600
28,Rental Expense,Cash Payment - Rental - New York,2680
28,Rental Expense,Cash Payment - Rental - Miami,1120
28,Overflow Expense - Retail,"Cash Payment - Overflow Fee  - Washington, D.C.",4620
28,Rental Expense,"Cash Payment - Rental - Washington, D.C.",2440
28,Rental Expense,Cash Payment - Rental - San Francisco,2240
27,Salary Expense,Cash Payment - Salary Expense,20458
27,Interest Expense ,Cash Payment - Interest - For Overdraft,4102
27,Depreciation Expense,Non-Cash Expense - Depreciation,10000
27,Rental Expense,Cash Payment - Rental - Detroit,1200
27,Rental Expense,Cash Payment - Rental - Los Angeles,1080
27,Rental Expense,Cash Payment - Rental - Chicago,1600
27,Overflow Expense - Retail,Cash Payment - Overflow Fee  - New York,2475
27,Rental Expense,Cash Payment - Rental - New York,2680
27,Rental Expense,Cash Payment - Rental - Miami,1120
27,Overflow Expense - Retail,"Cash Payment - Overflow Fee  - Washington, D.C.",4620
27,Rental Expense,"Cash Payment - Rental - Washington, D.C.",2440
27,Rental Expense,Cash Payment - Rental - San Francisco,2240
26,Salary Expense,Cash Payment - Salary Expense,20458
26,Interest Expense ,Cash Payment - Interest - For Overdraft,4102
26,Depreciation Expense,Non-Cash Expense - Depreciation,10000
26,Rental Expense,Cash Payment - Rental - Detroit,1200
26,Rental Expense,Cash Payment - Rental - Los Angeles,1080
26,Rental Expense,Cash Payment - Rental - Chicago,1600
26,Overflow Expense - Retail,Cash Payment - Overflow Fee  - New York,2775
26,Rental Expense,Cash Payment - Rental - New York,2680
26,Rental Expense,Cash Payment - Rental - Miami,1120
26,Overflow Expense - Retail,"Cash Payment - Overflow Fee  - Washington, D.C.",4690
26,Rental Expense,"Cash Payment - Rental - Washington, D.C.",2440
26,Rental Expense,Cash Payment - Rental - San Francisco,2240
25,Salary Expense,Cash Payment - Salary Expense,20458
25,Interest Expense ,Cash Payment - Interest - For Overdraft,4102
25,Depreciation Expense,Non-Cash Expense - Depreciation,10000
25,Rental Expense,Cash Payment - Rental - Detroit,1200
25,Rental Expense,Cash Payment - Rental - Los Angeles,1080
25,Rental Expense,Cash Payment - Rental - Chicago,1600
25,Overflow Expense - Retail,Cash Payment - Overflow Fee  - New York,2925
25,Rental Expense,Cash Payment - Rental - New York,2680
25,Rental Expense,Cash Payment - Rental - Miami,1120
25,Overflow Expense - Retail,"Cash Payment - Overflow Fee  - Washington, D.C.",4760
25,Rental Expense,"Cash Payment - Rental - Washington, D.C.",2440
25,Rental Expense,Cash Payment - Rental - San Francisco,2240
24,Shipping Expense,Cash Payment - Shipping Expense - WEB SO : 3498,17
24,Interest Expense ,Cash Payment - Interest - For Overdraft,4094
24,Depreciation Expense,Non-Cash Expense - Depreciation,10000
24,Rental Expense,Cash Payment - Rental - Detroit,1200
24,Rental Expense,Cash Payment - Rental - Los Angeles,1080
24,Rental Expense,Cash Payment - Rental - Chicago,1600
24,Overflow Expense - Retail,Cash Payment - Overflow Fee  - New York,3225
24,Rental Expense,Cash Payment - Rental - New York,2680
24,Rental Expense,Cash Payment - Rental - Miami,1120
24,Overflow Expense - Retail,"Cash Payment - Overflow Fee  - Washington, D.C.",4830
24,Rental Expense,"Cash Payment - Rental - Washington, D.C.",2440
24,Rental Expense,Cash Payment - Rental - San Francisco,2240
23,Human Resource Expense,Attended Training,15000
23,Human Resource Expense,Attended Training,15000
23,Interest Expense ,Cash Payment - Interest - For Overdraft,4094
23,Depreciation Expense,Non-Cash Expense - Depreciation,10000
23,Rental Expense,Cash Payment - Rental - Detroit,1200
23,Rental Expense,Cash Payment - Rental - Los Angeles,1080
23,Rental Expense,Cash Payment - Rental - Chicago,1600
23,Overflow Expense - Retail,Cash Payment - Overflow Fee  - New York,3525
23,Rental Expense,Cash Payment - Rental - New York,2680
23,Rental Expense,Cash Payment - Rental - Miami,1120
23,Overflow Expense - Retail,"Cash Payment - Overflow Fee  - Washington, D.C.",9590
23,Rental Expense,"Cash Payment - Rental - Washington, D.C.",2440
23,Rental Expense,Cash Payment - Rental - San Francisco,2240
22,Marketing Expense,Cash Payment - Marketing Report Subscription,20000
22,Salary Expense,Cash Payment - Salary Expense,20260
22,Shipping Expense,Cash Payment - Shipping Expense - WEB SO : 3113,18
22,Shipping Expense,Cash Payment - Shipping Expense - WEB SO : 3148,130
22,Interest Expense ,Cash Payment - Interest - For Overdraft,4077
22,Depreciation Expense,Non-Cash Expense - Depreciation,10000
22,Rental Expense,Cash Payment - Rental - Detroit,1200
22,Rental Expense,Cash Payment - Rental - Los Angeles,1080
22,Rental Expense,Cash Payment - Rental - Chicago,1600
22,Overflow Expense - Retail,Cash Payment - Overflow Fee  - New York,3825
22,Rental Expense,Cash Payment - Rental - New York,2680
22,Rental Expense,Cash Payment - Rental - Miami,1120
22,Overflow Expense - Retail,"Cash Payment - Overflow Fee  - Washington, D.C.",9590
22,Rental Expense,"Cash Payment - Rental - Washington, D.C.",2440
22,Rental Expense,Cash Payment - Rental - San Francisco,2240
21,Human Resource Expense,Attended Training,15000
21,Human Resource Expense,Staff Dismiss,19000
21,Human Resource Expense,Staff Dismiss,19000
21,Marketing Expense,Cash Payment - Marketing Report Subscription,20000
21,Salary Expense,Cash Payment - Salary Expense,20026
21,Interest Expense ,Cash Payment - Interest - For Overdraft,4045
21,Depreciation Expense,Non-Cash Expense - Depreciation,10000
21,Rental Expense,Cash Payment - Rental - Detroit,1200
21,Rental Expense,Cash Payment - Rental - Los Angeles,1080
21,Rental Expense,Cash Payment - Rental - Chicago,1600
21,Rental Expense,Cash Payment - Rental - New York,2680
21,Rental Expense,Cash Payment - Rental - Miami,1120
21,Overflow Expense - Retail,"Cash Payment - Overflow Fee  - Washington, D.C.",9590
21,Rental Expense,"Cash Payment - Rental - Washington, D.C.",2440
21,Rental Expense,Cash Payment - Rental - San Francisco,2240
20,Human Resource Expense,Staff Dismiss,17000
20,Marketing Expense,Cash Payment - Marketing Report Subscription,20000
20,Salary Expense,Cash Payment - Salary Expense,20240
20,Interest Expense ,Cash Payment - Interest - For Overdraft,3981
20,Depreciation Expense,Non-Cash Expense - Depreciation,10000
20,Rental Expense,Cash Payment - Rental - Detroit,1200
20,Rental Expense,Cash Payment - Rental - Los Angeles,1080
20,Rental Expense,Cash Payment - Rental - Chicago,1600
20,Rental Expense,Cash Payment - Rental - New York,2680
20,Rental Expense,Cash Payment - Rental - Miami,1120
20,Overflow Expense - Retail,"Cash Payment - Overflow Fee  - Washington, D.C.",9660
20,Rental Expense,"Cash Payment - Rental - Washington, D.C.",2440
20,Rental Expense,Cash Payment - Rental - San Francisco,2240
19,Marketing Expense,Cash Payment - Marketing Report Subscription,20000
19,Salary Expense,Cash Payment - Salary Expense,20608
19,Shipping Expense,Cash Payment - Shipping Expense - WEB SO : 2605,16
19,Interest Expense ,Cash Payment - Interest - For Overdraft,3853
19,Depreciation Expense,Non-Cash Expense - Depreciation,10000
19,Rental Expense,Cash Payment - Rental - Detroit,1200
19,Rental Expense,Cash Payment - Rental - Los Angeles,1080
19,Rental Expense,Cash Payment - Rental - Chicago,1600
19,Rental Expense,Cash Payment - Rental - New York,2680
19,Rental Expense,Cash Payment - Rental - Miami,1120
19,Overflow Expense - Retail,"Cash Payment - Overflow Fee  - Washington, D.C.",9730
19,Rental Expense,"Cash Payment - Rental - Washington, D.C.",2440
19,Rental Expense,Cash Payment - Rental - San Francisco,2240
18,Marketing Expense,Cash Payment - Marketing Report Subscription,20000
18,Salary Expense,Cash Payment - Salary Expense,20976
18,Interest Expense ,Cash Payment - Interest - For Overdraft,3082
18,Depreciation Expense,Non-Cash Expense - Depreciation,10000
18,Rental Expense,Cash Payment - Rental - Detroit,1200
18,Rental Expense,Cash Payment - Rental - Los Angeles,1080
18,Rental Expense,Cash Payment - Rental - Chicago,1600
18,Rental Expense,Cash Payment - Rental - New York,2680
18,Rental Expense,Cash Payment - Rental - Miami,1120
18,Overflow Expense - Retail,"Cash Payment - Overflow Fee  - Washington, D.C.",4200
18,Rental Expense,"Cash Payment - Rental - Washington, D.C.",2440
18,Rental Expense,Cash Payment - Rental - San Francisco,2240
17,Human Resource Expense,Staff Dismiss,15000
17,Interest Expense ,Cash Payment - Interest - For Overdraft,4110
17,Depreciation Expense,Non-Cash Expense - Depreciation,10000
17,Overflow Expense - Warehouse,Cash Payment - Overflow Fee - Detroit,168
17,Rental Expense,Cash Payment - Rental - Detroit,1200
17,Rental Expense,Cash Payment - Rental - Los Angeles,1080
17,Rental Expense,Cash Payment - Rental - Chicago,1600
17,Rental Expense,Cash Payment - Rental - New York,2680
17,Rental Expense,Cash Payment - Rental - Miami,1120
17,Overflow Expense - Retail,"Cash Payment - Overflow Fee  - Washington, D.C.",4270
17,Rental Expense,"Cash Payment - Rental - Washington, D.C.",2440
17,Rental Expense,Cash Payment - Rental - San Francisco,2240
16,Human Resource Expense,Staff Dismiss,13000
16,Human Resource Expense,Staff Dismiss,13000
16,Human Resource Expense,Staff Dismiss,12000
16,Marketing Expense,"Cash Payment - Marketing - Washington, D.C. - Sparkling Wine",500
16,Marketing Expense,"Cash Payment - Marketing - Washington, D.C. - Red Wine",500
16,Marketing Expense,"Cash Payment - Marketing - Washington, D.C. - White Wine",500
16,Salary Expense,Cash Payment - Salary Expense,22448
16,Shipping Expense,Cash Payment - Move Stock ID: 1525,8963
16,Shipping Expense,Cash Payment - Move Stock ID: 2107,63592
16,Interest Expense ,Cash Payment - Interest - For Overdraft,4110
16,Depreciation Expense,Non-Cash Expense - Depreciation,10000
16,Overflow Expense - Warehouse,Cash Payment - Overflow Fee - Detroit,159
16,Rental Expense,Cash Payment - Rental - Detroit,1200
16,Rental Expense,Cash Payment - Rental - Los Angeles,1080
16,Rental Expense,Cash Payment - Rental - Chicago,1600
16,Rental Expense,Cash Payment - Rental - New York,2680
16,Rental Expense,Cash Payment - Rental - Miami,1120
16,Overflow Expense - Retail,"Cash Payment - Overflow Fee  - Washington, D.C.",4340
16,Rental Expense,"Cash Payment - Rental - Washington, D.C.",2440
16,Rental Expense,Cash Payment - Rental - San Francisco,2240
15,Marketing Expense,"Cash Payment - Marketing - Washington, D.C. - Sparkling Wine",500
15,Marketing Expense,"Cash Payment - Marketing - Washington, D.C. - Red Wine",500
15,Marketing Expense,"Cash Payment - Marketing - Washington, D.C. - White Wine",500
15,Salary Expense,Cash Payment - Salary Expense,23920
15,Shipping Expense,Cash Payment - Shipping Expense - WEB SO : 1796,113
15,Shipping Expense,Cash Payment - Shipping Expense - WEB SO : 1925,17
15,Interest Expense ,Cash Payment - Interest - For Overdraft,4110
15,Depreciation Expense,Non-Cash Expense - Depreciation,10000
15,Overflow Expense - Warehouse,Cash Payment - Overflow Fee - Detroit,558
15,Rental Expense,Cash Payment - Rental - Detroit,1200
15,Rental Expense,Cash Payment - Rental - Los Angeles,1080
15,Rental Expense,Cash Payment - Rental - Chicago,1600
15,Rental Expense,Cash Payment - Rental - New York,2680
15,Rental Expense,Cash Payment - Rental - Miami,1120
15,Rental Expense,"Cash Payment - Rental - Washington, D.C.",2440
15,Rental Expense,Cash Payment - Rental - San Francisco,2240
14,Marketing Expense,"Cash Payment - Marketing - Washington, D.C. - Sparkling Wine",500
14,Marketing Expense,"Cash Payment - Marketing - Washington, D.C. - Red Wine",500
14,Marketing Expense,"Cash Payment - Marketing - Washington, D.C. - White Wine",500
14,Salary Expense,Cash Payment - Salary Expense,23920
14,Shipping Expense,Cash Payment - Move Stock ID: 1203,14761
14,Interest Expense ,Cash Payment - Interest - For Overdraft,1702
14,Depreciation Expense,Non-Cash Expense - Depreciation,10000
14,Rental Expense,Cash Payment - Rental - Detroit,1200
14,Rental Expense,Cash Payment - Rental - Los Angeles,1080
14,Rental Expense,Cash Payment - Rental - Chicago,1600
14,Rental Expense,Cash Payment - Rental - New York,2680
14,Rental Expense,Cash Payment - Rental - Miami,1120
14,Rental Expense,"Cash Payment - Rental - Washington, D.C.",2440
14,Rental Expense,Cash Payment - Rental - San Francisco,2240
13,Marketing Expense,"Cash Payment - Marketing - Washington, D.C. - Sparkling Wine",500
13,Marketing Expense,"Cash Payment - Marketing - Washington, D.C. - Red Wine",500
13,Marketing Expense,"Cash Payment - Marketing - Washington, D.C. - White Wine",500
13,Salary Expense,Cash Payment - Salary Expense,23920
13,Interest Expense ,Cash Payment - Interest - For Overdraft,2729
13,Depreciation Expense,Non-Cash Expense - Depreciation,10000
13,Rental Expense,Cash Payment - Rental - Detroit,1200
13,Rental Expense,Cash Payment - Rental - Los Angeles,1080
13,Rental Expense,Cash Payment - Rental - Chicago,1600
13,Rental Expense,Cash Payment - Rental - New York,2680
13,Rental Expense,Cash Payment - Rental - Miami,1120
13,Rental Expense,"Cash Payment - Rental - Washington, D.C.",2440
13,Rental Expense,Cash Payment - Rental - San Francisco,2240
12,Marketing Expense,"Cash Payment - Marketing - Washington, D.C. - Sparkling Wine",500
12,Marketing Expense,"Cash Payment - Marketing - Washington, D.C. - Red Wine",500
12,Marketing Expense,"Cash Payment - Marketing - Washington, D.C. - White Wine",500
12,Salary Expense,Cash Payment - Salary Expense,23704
12,Shipping Expense,Cash Payment - Shipping Expense - WEB SO : 793,11
12,Shipping Expense,Cash Payment - Shipping Expense - WEB SO : 1461,317
12,Interest Expense ,Cash Payment - Interest - For Overdraft,2729
12,Depreciation Expense,Non-Cash Expense - Depreciation,10000
12,Rental Expense,Cash Payment - Rental - Detroit,1200
12,Rental Expense,Cash Payment - Rental - Los Angeles,1080
12,Rental Expense,Cash Payment - Rental - Chicago,1600
12,Rental Expense,Cash Payment - Rental - New York,2680
12,Rental Expense,Cash Payment - Rental - Miami,1120
12,Rental Expense,"Cash Payment - Rental - Washington, D.C.",2440
12,Overflow Expense - Retail,Cash Payment - Overflow Fee  - San Francisco,65
12,Rental Expense,Cash Payment - Rental - San Francisco,2240
11,Marketing Expense,"Cash Payment - Marketing - Washington, D.C. - Sparkling Wine",500
11,Marketing Expense,"Cash Payment - Marketing - Washington, D.C. - Red Wine",500
11,Marketing Expense,"Cash Payment - Marketing - Washington, D.C. - White Wine",500
11,Salary Expense,Cash Payment - Salary Expense,23380
11,Shipping Expense,Cash Payment - Shipping Expense - WEB SO : 1139,195
11,Interest Expense ,Cash Payment - Interest - For Overdraft,3756
11,Depreciation Expense,Non-Cash Expense - Depreciation,10000
11,Rental Expense,Cash Payment - Rental - Detroit,1200
11,Rental Expense,Cash Payment - Rental - Los Angeles,1080
11,Rental Expense,Cash Payment - Rental - Chicago,1600
11,Rental Expense,Cash Payment - Rental - New York,2680
11,Rental Expense,Cash Payment - Rental - Miami,1120
11,Rental Expense,"Cash Payment - Rental - Washington, D.C.",2440
11,Overflow Expense - Retail,Cash Payment - Overflow Fee  - San Francisco,390
11,Rental Expense,Cash Payment - Rental - San Francisco,2240
10,Human Resource Expense,Staff Dismiss,7000
10,Human Resource Expense,Staff Dismiss,7000
10,Human Resource Expense,Attended Training,15000
10,Human Resource Expense,Staff Dismiss,8000
10,Human Resource Expense,Attended Training,15000
10,Human Resource Expense,Attended Training,15000
10,Marketing Expense,"Cash Payment - Marketing - Washington, D.C. - Sparkling Wine",500
10,Marketing Expense,"Cash Payment - Marketing - Washington, D.C. - Red Wine",500
10,Marketing Expense,"Cash Payment - Marketing - Washington, D.C. - White Wine",500
10,Salary Expense,Cash Payment - Salary Expense,22750
10,Interest Expense ,Cash Payment - Interest - For Overdraft,2697
10,Depreciation Expense,Non-Cash Expense - Depreciation,10000
10,Rental Expense,Cash Payment - Rental - Detroit,1200
10,Rental Expense,Cash Payment - Rental - Los Angeles,1080
10,Rental Expense,Cash Payment - Rental - Chicago,1600
10,Rental Expense,Cash Payment - Rental - New York,2680
10,Overflow Expense - Retail,Cash Payment - Overflow Fee  - Miami,165
10,Rental Expense,Cash Payment - Rental - Miami,1120
10,Rental Expense,"Cash Payment - Rental - Washington, D.C.",2440
10,Overflow Expense - Retail,Cash Payment - Overflow Fee  - San Francisco,845
10,Rental Expense,Cash Payment - Rental - San Francisco,2240
9,Human Resource Expense,Attended Training,15000
9,Marketing Expense,"Cash Payment - Marketing - Washington, D.C. - Sparkling Wine",500
9,Marketing Expense,"Cash Payment - Marketing - Washington, D.C. - Red Wine",500
9,Marketing Expense,"Cash Payment - Marketing - Washington, D.C. - White Wine",500
9,Salary Expense,Cash Payment - Salary Expense,23800
9,Shipping Expense,Cash Payment - Shipping Expense - WEB SO : 810,12
9,Interest Expense ,Cash Payment - Interest - For Overdraft,3724
9,Depreciation Expense,Non-Cash Expense - Depreciation,10000
9,Rental Expense,Cash Payment - Rental - Detroit,1200
9,Rental Expense,Cash Payment - Rental - Los Angeles,1080
9,Rental Expense,Cash Payment - Rental - Chicago,1600
9,Rental Expense,Cash Payment - Rental - New York,2680
9,Overflow Expense - Retail,Cash Payment - Overflow Fee  - Miami,363
9,Rental Expense,Cash Payment - Rental - Miami,1120
9,Rental Expense,"Cash Payment - Rental - Washington, D.C.",2440
9,Overflow Expense - Retail,Cash Payment - Overflow Fee  - San Francisco,1105
9,Rental Expense,Cash Payment - Rental - San Francisco,2240
8,Marketing Expense,"Cash Payment - Marketing - Washington, D.C. - Sparkling Wine",500
8,Marketing Expense,"Cash Payment - Marketing - Washington, D.C. - Red Wine",500
8,Marketing Expense,"Cash Payment - Marketing - Washington, D.C. - White Wine",500
8,Salary Expense,Cash Payment - Salary Expense,23800
8,Interest Expense ,Cash Payment - Interest - For Overdraft,1027
8,Depreciation Expense,Non-Cash Expense - Depreciation,10000
8,Rental Expense,Cash Payment - Rental - Detroit,1200
8,Rental Expense,Cash Payment - Rental - Los Angeles,1080
8,Rental Expense,Cash Payment - Rental - Chicago,1600
8,Rental Expense,Cash Payment - Rental - New York,2680
8,Overflow Expense - Retail,Cash Payment - Overflow Fee  - Miami,462
8,Rental Expense,Cash Payment - Rental - Miami,1120
8,Rental Expense,"Cash Payment - Rental - Washington, D.C.",2440
8,Rental Expense,Cash Payment - Rental - San Francisco,2240
7,Human Resource Expense,Counselled,2000
7,Marketing Expense,"Cash Payment - Marketing - Washington, D.C. - Sparkling Wine",500
7,Marketing Expense,"Cash Payment - Marketing - Washington, D.C. - Red Wine",500
7,Marketing Expense,"Cash Payment - Marketing - Washington, D.C. - White Wine",500
7,Salary Expense,Cash Payment - Salary Expense,23800
7,Shipping Expense,Cash Payment - Shipping Expense - WEB SO : 507,266
7,Interest Expense ,Cash Payment - Interest - For Overdraft,4110
7,Depreciation Expense,Non-Cash Expense - Depreciation,10000
7,Rental Expense,Cash Payment - Rental - Detroit,1200
7,Rental Expense,Cash Payment - Rental - Los Angeles,1080
7,Rental Expense,Cash Payment - Rental - Chicago,1600
7,Rental Expense,Cash Payment - Rental - New York,2680
7,Overflow Expense - Retail,Cash Payment - Overflow Fee  - Miami,462
7,Rental Expense,Cash Payment - Rental - Miami,1120
7,Rental Expense,"Cash Payment - Rental - Washington, D.C.",2440
7,Rental Expense,Cash Payment - Rental - San Francisco,2240
6,Marketing Expense,"Cash Payment - Marketing - Washington, D.C. - Sparkling Wine",500
6,Marketing Expense,"Cash Payment - Marketing - Washington, D.C. - Red Wine",500
6,Marketing Expense,"Cash Payment - Marketing - Washington, D.C. - White Wine",500
6,Salary Expense,Cash Payment - Salary Expense,23800
6,Interest Expense ,Cash Payment - Interest - For Overdraft,4110
6,Depreciation Expense,Non-Cash Expense - Depreciation,10000
6,Rental Expense,Cash Payment - Rental - Detroit,1200
6,Rental Expense,Cash Payment - Rental - Los Angeles,1080
6,Rental Expense,Cash Payment - Rental - Chicago,1600
6,Overflow Expense - Retail,Cash Payment - Overflow Fee  - New York,75
6,Rental Expense,Cash Payment - Rental - New York,2680
6,Overflow Expense - Retail,Cash Payment - Overflow Fee  - Miami,561
6,Rental Expense,Cash Payment - Rental - Miami,1120
6,Rental Expense,"Cash Payment - Rental - Washington, D.C.",2440
6,Rental Expense,Cash Payment - Rental - San Francisco,2240
5,Human Resource Expense,Attended Training,15000
5,Salary Expense,Cash Payment - Salary Expense,23800
5,Interest Expense ,Cash Payment - Interest - For Overdraft,4110
5,Depreciation Expense,Non-Cash Expense - Depreciation,10000
5,Rental Expense,Cash Payment - Rental - Detroit,1200
5,Overflow Expense - Retail,Cash Payment - Overflow Fee  - Los Angeles,30
5,Rental Expense,Cash Payment - Rental - Los Angeles,1080
5,Rental Expense,Cash Payment - Rental - Chicago,1600
5,Overflow Expense - Retail,Cash Payment - Overflow Fee  - New York,375
5,Rental Expense,Cash Payment - Rental - New York,2680
5,Overflow Expense - Retail,Cash Payment - Overflow Fee  - Miami,561
5,Rental Expense,Cash Payment - Rental - Miami,1120
5,Rental Expense,"Cash Payment - Rental - Washington, D.C.",2440
5,Rental Expense,Cash Payment - Rental - San Francisco,2240
4,Human Resource Expense,Counselled,2000
4,Human Resource Expense,Counselled,2000
4,Human Resource Expense,Counselled,2000
4,Salary Expense,Cash Payment - Salary Expense,23800
4,Interest Expense ,Cash Payment - Interest - For Overdraft,3082
4,Depreciation Expense,Non-Cash Expense - Depreciation,10000
4,Rental Expense,Cash Payment - Rental - Detroit,1200
4,Overflow Expense - Retail,Cash Payment - Overflow Fee  - Los Angeles,210
4,Rental Expense,Cash Payment - Rental - Los Angeles,1080
4,Rental Expense,Cash Payment - Rental - Chicago,1600
4,Overflow Expense - Retail,Cash Payment - Overflow Fee  - New York,675
4,Rental Expense,Cash Payment - Rental - New York,2680
4,Rental Expense,Cash Payment - Rental - Miami,1120
4,Rental Expense,"Cash Payment - Rental - Washington, D.C.",2440
4,Rental Expense,Cash Payment - Rental - San Francisco,2240
3,Human Resource Expense,"Cash Payment - Staff Recruiting - Washington, D.C.",60000
3,Human Resource Expense,Cash Payment - Staff Recruiting - Production,30000
3,Human Resource Expense,Cash Payment - Staff Recruiting - San Francisco,60000
3,Human Resource Expense,Cash Payment - Staff Recruiting - Production,30000
3,Salary Expense,Cash Payment - Salary Expense,23800
3,Interest Expense ,Cash Payment - Interest - For Overdraft,2055
3,Depreciation Expense,Non-Cash Expense - Depreciation,10000
3,Rental Expense,Cash Payment - Rental - Detroit,1200
3,Overflow Expense - Retail,Cash Payment - Overflow Fee  - Los Angeles,390
3,Rental Expense,Cash Payment - Rental - Los Angeles,1080
3,Rental Expense,Cash Payment - Rental - Chicago,1600
3,Overflow Expense - Retail,Cash Payment - Overflow Fee  - New York,1050
3,Rental Expense,Cash Payment - Rental - New York,2680
3,Rental Expense,Cash Payment - Rental - Miami,1120
3,Rental Expense,"Cash Payment - Rental - Washington, D.C.",2440
3,Rental Expense,Cash Payment - Rental - San Francisco,2240
2,Human Resource Expense,Cash Payment - Staff Recruiting - Detroit,60000
2,Human Resource Expense,Cash Payment - Staff Recruiting - Los Angeles,60000
2,Human Resource Expense,Cash Payment - Staff Recruiting - Chicago,60000
2,Human Resource Expense,Cash Payment - Staff Recruiting - New York,60000
2,Human Resource Expense,Cash Payment - Staff Recruiting - Miami,60000
2,Salary Expense,Cash Payment - Salary Expense,19600
2,Rental Expense,Cash Payment - Rental - Detroit,1200
2,Rental Expense,Cash Payment - Rental - Los Angeles,1080
2,Rental Expense,Cash Payment - Rental - Chicago,1600
2,Rental Expense,Cash Payment - Rental - New York,2680
2,Rental Expense,Cash Payment - Rental - Miami,1120
1,Salary Expense,Cash Payment - Salary Expense,12600
